minute,actual,pred,correct
1,excellent,excellent,True
2,excellent,excellent,True
3,excellent,excellent,True
4,excellent,excellent,True
5,excellent,excellent,True
6,excellent,excellent,True
7,excellent,excellent,True
8,excellent,excellent,True
9,excellent,excellent,True
10,excellent,excellent,True
11,excellent,excellent,True
12,excellent,excellent,True
13,excellent,excellent,True
14,excellent,excellent,True
15,excellent,excellent,True
16,excellent,excellent,True
17,excellent,excellent,True
18,excellent,excellent,True
19,excellent,excellent,True
20,excellent,excellent,True
21,excellent,excellent,True
22,excellent,excellent,True
23,excellent,excellent,True
24,excellent,excellent,True
25,excellent,excellent,True
26,excellent,excellent,True
27,excellent,excellent,True
28,excellent,excellent,True
29,excellent,excellent,True
30,excellent,excellent,True
31,excellent,excellent,True
32,excellent,excellent,True
33,excellent,excellent,True
34,excellent,excellent,True
35,excellent,excellent,True
36,excellent,excellent,True
37,excellent,excellent,True
38,excellent,excellent,True
39,excellent,excellent,True
40,excellent,excellent,True
41,excellent,excellent,True
42,excellent,excellent,True
43,excellent,excellent,True
44,excellent,excellent,True
45,excellent,excellent,True
46,excellent,excellent,True
47,excellent,excellent,True
48,excellent,excellent,True
49,excellent,excellent,True
50,excellent,excellent,True
51,excellent,excellent,True
52,excellent,excellent,True
53,excellent,excellent,True
54,excellent,excellent,True
55,excellent,excellent,True
56,excellent,excellent,True
57,excellent,excellent,True
58,excellent,excellent,True
59,excellent,excellent,True
60,excellent,excellent,True
61,excellent,excellent,True
62,excellent,excellent,True
63,excellent,excellent,True
64,excellent,excellent,True
65,excellent,excellent,True
66,excellent,excellent,True
67,excellent,excellent,True
68,excellent,excellent,True
69,excellent,excellent,True
70,excellent,excellent,True
71,excellent,excellent,True
72,excellent,excellent,True
73,excellent,excellent,True
74,excellent,excellent,True
75,excellent,excellent,True
76,excellent,excellent,True
77,excellent,excellent,True
78,excellent,excellent,True
79,excellent,excellent,True
80,excellent,excellent,True
81,excellent,excellent,True
82,excellent,excellent,True
83,excellent,excellent,True
84,excellent,excellent,True
85,excellent,excellent,True
86,excellent,excellent,True
87,excellent,excellent,True
88,excellent,excellent,True
89,excellent,excellent,True
90,excellent,excellent,True
91,excellent,excellent,True
92,excellent,excellent,True
93,excellent,excellent,True
94,excellent,excellent,True
95,excellent,excellent,True
96,excellent,excellent,True
97,excellent,excellent,True
98,excellent,excellent,True
99,excellent,excellent,True
100,excellent,excellent,True
101,excellent,excellent,True
102,excellent,excellent,True
103,excellent,excellent,True
104,excellent,excellent,True
105,excellent,excellent,True
106,excellent,excellent,True
107,excellent,excellent,True
108,excellent,excellent,True
109,excellent,excellent,True
110,excellent,excellent,True
111,excellent,excellent,True
112,excellent,excellent,True
113,excellent,excellent,True
114,excellent,excellent,True
115,excellent,excellent,True
116,excellent,excellent,True
117,excellent,excellent,True
118,excellent,excellent,True
119,excellent,excellent,True
120,excellent,excellent,True
121,excellent,excellent,True
122,excellent,excellent,True
123,excellent,excellent,True
124,excellent,excellent,True
125,excellent,excellent,True
126,excellent,excellent,True
127,excellent,excellent,True
128,excellent,excellent,True
129,excellent,excellent,True
130,excellent,excellent,True
131,excellent,excellent,True
132,excellent,excellent,True
133,excellent,excellent,True
134,excellent,excellent,True
135,excellent,excellent,True
136,excellent,excellent,True
137,excellent,excellent,True
138,excellent,excellent,True
139,excellent,excellent,True
140,excellent,excellent,True
141,excellent,excellent,True
142,excellent,excellent,True
143,excellent,excellent,True
144,excellent,excellent,True
145,excellent,excellent,True
146,excellent,excellent,True
147,excellent,excellent,True
148,excellent,excellent,True
149,excellent,excellent,True
150,excellent,excellent,True
151,excellent,excellent,True
152,excellent,excellent,True
153,excellent,excellent,True
154,excellent,excellent,True
155,excellent,excellent,True
156,excellent,excellent,True
157,excellent,excellent,True
158,excellent,excellent,True
159,excellent,excellent,True
160,excellent,excellent,True
161,excellent,excellent,True
162,excellent,excellent,True
163,excellent,excellent,True
164,excellent,excellent,True
165,excellent,excellent,True
166,excellent,excellent,True
167,excellent,excellent,True
168,excellent,excellent,True
169,excellent,excellent,True
170,excellent,excellent,True
171,excellent,excellent,True
172,excellent,excellent,True
173,excellent,excellent,True
174,excellent,excellent,True
175,excellent,excellent,True
176,excellent,excellent,True
177,excellent,excellent,True
178,excellent,excellent,True
179,excellent,excellent,True
180,excellent,excellent,True
181,excellent,excellent,True
182,excellent,excellent,True
183,excellent,excellent,True
184,excellent,excellent,True
185,excellent,excellent,True
186,excellent,excellent,True
187,excellent,excellent,True
188,excellent,excellent,True
189,excellent,excellent,True
190,excellent,excellent,True
191,excellent,excellent,True
192,excellent,excellent,True
193,excellent,excellent,True
194,excellent,excellent,True
195,excellent,excellent,True
196,excellent,excellent,True
197,excellent,excellent,True
198,excellent,excellent,True
199,excellent,excellent,True
200,excellent,excellent,True
201,excellent,excellent,True
202,excellent,excellent,True
203,excellent,excellent,True
204,excellent,excellent,True
205,excellent,excellent,True
206,excellent,excellent,True
207,excellent,excellent,True
208,excellent,excellent,True
209,excellent,excellent,True
210,excellent,excellent,True
211,excellent,excellent,True
212,excellent,excellent,True
213,excellent,excellent,True
214,excellent,excellent,True
215,excellent,excellent,True
216,excellent,excellent,True
217,excellent,excellent,True
218,excellent,excellent,True
219,excellent,excellent,True
220,excellent,excellent,True
221,excellent,excellent,True
222,excellent,excellent,True
223,excellent,excellent,True
224,excellent,excellent,True
225,excellent,excellent,True
226,excellent,excellent,True
227,excellent,excellent,True
228,excellent,excellent,True
229,excellent,excellent,True
230,excellent,excellent,True
231,excellent,excellent,True
232,excellent,excellent,True
233,excellent,excellent,True
234,excellent,excellent,True
235,excellent,excellent,True
236,excellent,excellent,True
237,excellent,excellent,True
238,excellent,excellent,True
239,excellent,excellent,True
240,excellent,excellent,True
241,excellent,excellent,True
242,excellent,excellent,True
243,excellent,excellent,True
244,excellent,excellent,True
245,excellent,excellent,True
246,excellent,excellent,True
247,excellent,excellent,True
248,excellent,excellent,True
249,excellent,excellent,True
250,excellent,excellent,True
251,excellent,excellent,True
252,excellent,excellent,True
253,excellent,excellent,True
254,excellent,excellent,True
255,excellent,excellent,True
256,excellent,excellent,True
257,excellent,excellent,True
258,excellent,excellent,True
259,excellent,excellent,True
260,excellent,excellent,True
261,excellent,excellent,True
262,excellent,excellent,True
263,excellent,excellent,True
264,excellent,excellent,True
265,excellent,excellent,True
266,excellent,excellent,True
267,excellent,excellent,True
268,excellent,excellent,True
269,excellent,excellent,True
270,excellent,excellent,True
271,excellent,excellent,True
272,excellent,excellent,True
273,excellent,excellent,True
274,excellent,excellent,True
275,excellent,excellent,True
276,excellent,excellent,True
277,excellent,excellent,True
278,excellent,excellent,True
279,excellent,excellent,True
280,excellent,excellent,True
281,excellent,excellent,True
282,excellent,excellent,True
283,excellent,excellent,True
284,excellent,excellent,True
285,excellent,excellent,True
286,excellent,excellent,True
287,excellent,excellent,True
288,excellent,excellent,True
289,excellent,excellent,True
290,excellent,excellent,True
291,excellent,excellent,True
292,excellent,excellent,True
293,excellent,excellent,True
294,excellent,excellent,True
295,excellent,excellent,True
296,excellent,excellent,True
297,excellent,excellent,True
298,excellent,excellent,True
299,excellent,excellent,True
300,excellent,excellent,True
301,excellent,excellent,True
302,excellent,good,False
303,excellent,good,False
304,excellent,good,False
305,excellent,good,False
306,excellent,good,False
307,excellent,good,False
308,excellent,good,False
309,excellent,good,False
310,excellent,good,False
311,excellent,good,False
312,excellent,good,False
313,excellent,good,False
314,excellent,good,False
315,excellent,good,False
316,excellent,good,False
317,excellent,good,False
318,excellent,good,False
319,excellent,good,False
320,excellent,good,False
321,excellent,good,False
322,excellent,good,False
323,excellent,good,False
324,excellent,good,False
325,excellent,good,False
326,excellent,good,False
327,excellent,good,False
328,excellent,good,False
329,excellent,good,False
330,excellent,good,False
331,excellent,good,False
332,excellent,good,False
333,excellent,good,False
334,excellent,good,False
335,excellent,good,False
336,excellent,good,False
337,excellent,good,False
338,excellent,good,False
339,excellent,good,False
340,excellent,good,False
341,excellent,good,False
342,excellent,good,False
343,excellent,good,False
344,excellent,good,False
345,excellent,good,False
346,excellent,good,False
347,excellent,good,False
348,excellent,good,False
349,excellent,good,False
350,excellent,good,False
351,excellent,good,False
352,excellent,good,False
353,excellent,good,False
354,excellent,good,False
355,excellent,good,False
356,excellent,good,False
357,excellent,good,False
358,excellent,good,False
359,excellent,good,False
360,excellent,good,False
361,good,good,True
362,good,good,True
363,good,good,True
364,good,good,True
365,good,good,True
366,good,good,True
367,good,good,True
368,good,good,True
369,good,good,True
370,good,good,True
371,good,good,True
372,good,good,True
373,good,good,True
374,good,good,True
375,good,good,True
376,good,good,True
377,good,good,True
378,good,good,True
379,good,good,True
380,good,good,True
381,good,good,True
382,good,good,True
383,good,good,True
384,good,good,True
385,good,good,True
386,good,good,True
387,good,good,True
388,good,good,True
389,good,good,True
390,good,good,True
391,good,good,True
392,good,good,True
393,good,good,True
394,good,good,True
395,good,good,True
396,good,good,True
397,good,good,True
398,good,good,True
399,good,good,True
400,good,good,True
401,good,good,True
402,good,good,True
403,good,good,True
404,good,good,True
405,good,good,True
406,good,good,True
407,good,good,True
408,good,good,True
409,good,good,True
410,good,good,True
411,good,good,True
412,good,good,True
413,good,good,True
414,good,good,True
415,good,good,True
416,good,good,True
417,good,good,True
418,good,good,True
419,good,good,True
420,good,good,True
421,good,good,True
422,good,good,True
423,good,good,True
424,good,good,True
425,good,good,True
426,good,good,True
427,good,good,True
428,good,good,True
429,good,good,True
430,good,good,True
431,good,good,True
432,good,excellent,False
433,good,good,True
434,good,good,True
435,good,good,True
436,good,good,True
437,good,good,True
438,good,good,True
439,good,good,True
440,good,good,True
441,good,good,True
442,good,good,True
443,good,good,True
444,good,good,True
445,good,good,True
446,good,good,True
447,good,good,True
448,good,good,True
449,good,good,True
450,good,good,True
451,good,good,True
452,good,good,True
453,good,good,True
454,good,good,True
455,good,good,True
456,good,good,True
457,good,good,True
458,good,good,True
459,good,good,True
460,good,good,True
461,good,good,True
462,good,good,True
463,good,good,True
464,good,good,True
465,good,good,True
466,good,good,True
467,good,good,True
468,good,good,True
469,good,good,True
470,good,good,True
471,good,good,True
472,good,good,True
473,good,good,True
474,good,good,True
475,good,good,True
476,good,good,True
477,good,good,True
478,good,good,True
479,good,good,True
480,good,good,True
481,good,good,True
482,good,good,True
483,good,good,True
484,good,good,True
485,good,good,True
486,good,good,True
487,good,good,True
488,good,good,True
489,good,good,True
490,good,good,True
491,good,good,True
492,good,good,True
493,good,good,True
494,good,good,True
495,good,good,True
496,good,good,True
497,good,good,True
498,good,good,True
499,good,good,True
500,good,good,True
501,good,good,True
502,good,good,True
503,good,good,True
504,good,good,True
505,good,good,True
506,good,good,True
507,good,good,True
508,good,good,True
509,good,good,True
510,good,good,True
511,good,good,True
512,good,good,True
513,good,good,True
514,good,good,True
515,good,good,True
516,good,good,True
517,good,good,True
518,good,good,True
519,good,good,True
520,good,good,True
521,good,good,True
522,good,good,True
523,good,good,True
524,good,good,True
525,good,good,True
526,good,good,True
527,good,good,True
528,good,good,True
529,good,good,True
530,good,good,True
531,good,good,True
532,good,good,True
533,good,good,True
534,good,good,True
535,good,good,True
536,good,good,True
537,good,good,True
538,good,good,True
539,good,good,True
540,good,good,True
541,good,good,True
542,good,good,True
543,good,good,True
544,good,good,True
545,good,good,True
546,good,good,True
547,good,good,True
548,good,good,True
549,good,good,True
550,good,good,True
551,good,good,True
552,good,good,True
553,good,good,True
554,good,good,True
555,good,good,True
556,good,good,True
557,good,good,True
558,good,good,True
559,good,good,True
560,good,good,True
561,good,good,True
562,good,good,True
563,good,good,True
564,good,good,True
565,good,good,True
566,good,good,True
567,good,good,True
568,good,good,True
569,good,good,True
570,good,good,True
571,good,good,True
572,good,good,True
573,good,good,True
574,good,good,True
575,good,good,True
576,good,good,True
577,good,good,True
578,good,good,True
579,good,good,True
580,good,good,True
581,good,good,True
582,good,good,True
583,good,good,True
584,good,good,True
585,good,good,True
586,good,good,True
587,good,good,True
588,good,good,True
589,good,good,True
590,good,good,True
591,good,good,True
592,good,good,True
593,good,good,True
594,good,good,True
595,good,good,True
596,good,good,True
597,good,good,True
598,good,good,True
599,good,good,True
600,good,good,True
601,good,good,True
602,good,good,True
603,good,good,True
604,good,good,True
605,good,good,True
606,good,good,True
607,good,good,True
608,good,good,True
609,good,good,True
610,good,good,True
611,good,good,True
612,good,good,True
613,good,good,True
614,good,good,True
615,good,good,True
616,good,good,True
617,good,good,True
618,good,good,True
619,good,good,True
620,good,good,True
621,good,good,True
622,good,good,True
623,good,good,True
624,good,good,True
625,good,good,True
626,good,good,True
627,good,good,True
628,good,good,True
629,good,good,True
630,good,good,True
631,good,good,True
632,good,good,True
633,good,good,True
634,good,good,True
635,good,good,True
636,good,good,True
637,good,good,True
638,good,good,True
639,good,good,True
640,good,good,True
641,good,good,True
642,good,good,True
643,good,good,True
644,good,good,True
645,good,good,True
646,good,good,True
647,good,good,True
648,good,good,True
649,good,good,True
650,good,good,True
651,good,excellent,False
652,good,good,True
653,good,excellent,False
654,good,good,True
655,good,excellent,False
656,good,good,True
657,good,excellent,False
658,good,excellent,False
659,good,excellent,False
660,good,excellent,False
661,good,excellent,False
662,good,excellent,False
663,good,excellent,False
664,good,excellent,False
665,good,excellent,False
666,good,excellent,False
667,good,excellent,False
668,good,excellent,False
669,good,excellent,False
670,good,excellent,False
671,good,good,True
672,good,good,True
673,good,good,True
674,good,excellent,False
675,good,excellent,False
676,good,excellent,False
677,good,excellent,False
678,good,good,True
679,good,excellent,False
680,good,excellent,False
681,good,excellent,False
682,good,excellent,False
683,good,excellent,False
684,good,good,True
685,good,good,True
686,good,excellent,False
687,good,good,True
688,good,excellent,False
689,good,excellent,False
690,good,excellent,False
691,good,excellent,False
692,good,excellent,False
693,good,excellent,False
694,good,good,True
695,good,excellent,False
696,good,good,True
697,good,good,True
698,good,excellent,False
699,good,excellent,False
700,good,excellent,False
701,good,good,True
702,good,good,True
703,good,excellent,False
704,good,excellent,False
705,good,excellent,False
706,good,excellent,False
707,good,excellent,False
708,good,excellent,False
709,good,excellent,False
710,good,good,True
711,good,excellent,False
712,good,excellent,False
713,good,excellent,False
714,good,excellent,False
715,good,excellent,False
716,good,excellent,False
717,good,excellent,False
718,good,excellent,False
719,good,excellent,False
720,good,excellent,False
721,good,good,True
722,good,excellent,False
723,good,excellent,False
724,good,excellent,False
725,good,excellent,False
726,good,excellent,False
727,good,excellent,False
728,good,excellent,False
729,good,excellent,False
730,good,good,True
731,good,excellent,False
732,good,excellent,False
733,good,good,True
734,good,excellent,False
735,good,good,True
736,good,good,True
737,good,excellent,False
738,good,excellent,False
739,good,excellent,False
740,good,good,True
741,good,good,True
742,good,excellent,False
743,good,good,True
744,good,good,True
745,good,good,True
746,good,good,True
747,good,excellent,False
748,good,good,True
749,good,good,True
750,good,good,True
751,good,excellent,False
752,good,excellent,False
753,good,good,True
754,good,good,True
755,good,good,True
756,good,good,True
757,good,excellent,False
758,good,excellent,False
759,good,excellent,False
760,good,excellent,False
761,good,good,True
762,good,excellent,False
763,good,good,True
764,good,good,True
765,good,excellent,False
766,good,excellent,False
767,good,good,True
768,good,good,True
769,good,good,True
770,good,good,True
771,good,good,True
772,good,good,True
773,good,good,True
774,good,good,True
775,good,excellent,False
776,good,good,True
777,good,good,True
778,good,good,True
779,good,good,True
780,good,good,True
781,good,good,True
782,good,good,True
783,good,good,True
784,good,excellent,False
785,good,excellent,False
786,good,excellent,False
787,good,excellent,False
788,good,good,True
789,good,good,True
790,good,good,True
791,good,good,True
792,good,good,True
793,good,good,True
794,good,good,True
795,good,excellent,False
796,good,good,True
797,good,excellent,False
798,good,good,True
799,good,good,True
800,good,good,True
801,good,good,True
802,good,good,True
803,good,good,True
804,good,good,True
805,good,excellent,False
806,good,excellent,False
807,good,good,True
808,good,excellent,False
809,good,excellent,False
810,good,good,True
811,good,good,True
812,good,excellent,False
813,good,excellent,False
814,good,excellent,False
815,good,excellent,False
816,good,excellent,False
817,good,good,True
818,good,excellent,False
819,good,excellent,False
820,good,good,True
821,good,good,True
822,good,good,True
823,good,excellent,False
824,good,excellent,False
825,good,excellent,False
826,good,excellent,False
827,good,excellent,False
828,good,excellent,False
829,good,good,True
830,good,excellent,False
831,good,excellent,False
832,good,excellent,False
833,good,excellent,False
834,good,excellent,False
835,good,excellent,False
836,good,excellent,False
837,good,excellent,False
838,good,good,True
839,good,excellent,False
840,good,excellent,False
841,good,excellent,False
842,good,excellent,False
843,good,good,True
844,good,excellent,False
845,good,good,True
846,good,excellent,False
847,good,excellent,False
848,good,excellent,False
849,good,good,True
850,good,good,True
851,good,good,True
852,good,good,True
853,good,good,True
854,good,excellent,False
855,good,excellent,False
856,good,excellent,False
857,good,excellent,False
858,good,good,True
859,good,excellent,False
860,good,excellent,False
861,good,excellent,False
862,good,excellent,False
863,good,good,True
864,good,good,True
865,good,good,True
866,good,good,True
867,good,good,True
868,good,excellent,False
869,good,excellent,False
870,good,excellent,False
871,good,good,True
872,good,good,True
873,good,good,True
874,good,good,True
875,good,good,True
876,good,good,True
877,good,good,True
878,good,good,True
879,good,good,True
880,good,good,True
881,good,good,True
882,good,excellent,False
883,good,good,True
884,good,good,True
885,good,good,True
886,good,good,True
887,good,good,True
888,good,good,True
889,good,good,True
890,good,excellent,False
891,good,good,True
892,good,good,True
893,good,good,True
894,good,good,True
895,good,good,True
896,good,good,True
897,good,good,True
898,good,good,True
899,good,good,True
900,good,good,True
901,acceptable,good,False
902,acceptable,excellent,False
903,acceptable,good,False
904,acceptable,good,False
905,acceptable,excellent,False
906,acceptable,good,False
907,acceptable,excellent,False
908,acceptable,good,False
909,acceptable,good,False
910,acceptable,good,False
911,acceptable,good,False
912,acceptable,good,False
913,acceptable,good,False
914,acceptable,good,False
915,acceptable,good,False
916,acceptable,good,False
917,acceptable,good,False
918,acceptable,good,False
919,acceptable,good,False
920,acceptable,good,False
921,acceptable,excellent,False
922,acceptable,good,False
923,acceptable,good,False
924,acceptable,excellent,False
925,acceptable,good,False
926,acceptable,good,False
927,acceptable,good,False
928,acceptable,good,False
929,acceptable,good,False
930,acceptable,good,False
931,acceptable,good,False
932,acceptable,good,False
933,acceptable,good,False
934,acceptable,good,False
935,acceptable,good,False
936,acceptable,good,False
937,acceptable,good,False
938,acceptable,good,False
939,acceptable,good,False
940,acceptable,good,False
941,acceptable,good,False
942,acceptable,good,False
943,acceptable,good,False
944,acceptable,good,False
945,acceptable,good,False
946,acceptable,good,False
947,acceptable,good,False
948,acceptable,good,False
949,acceptable,good,False
950,acceptable,good,False
951,acceptable,good,False
952,acceptable,good,False
953,acceptable,good,False
954,acceptable,good,False
955,acceptable,excellent,False
956,acceptable,good,False
957,acceptable,good,False
958,acceptable,excellent,False
959,acceptable,good,False
960,acceptable,good,False
961,acceptable,good,False
962,acceptable,good,False
963,acceptable,good,False
964,acceptable,good,False
965,acceptable,good,False
966,acceptable,good,False
967,acceptable,good,False
968,acceptable,good,False
969,acceptable,good,False
970,acceptable,good,False
971,acceptable,good,False
972,acceptable,good,False
973,acceptable,good,False
974,acceptable,good,False
975,acceptable,good,False
976,acceptable,good,False
977,acceptable,good,False
978,acceptable,good,False
979,acceptable,good,False
980,acceptable,good,False
981,acceptable,good,False
982,acceptable,good,False
983,acceptable,good,False
984,acceptable,good,False
985,acceptable,good,False
986,acceptable,good,False
987,acceptable,good,False
988,acceptable,good,False
989,acceptable,good,False
990,acceptable,good,False
991,acceptable,good,False
992,acceptable,good,False
993,acceptable,good,False
994,acceptable,good,False
995,acceptable,good,False
996,acceptable,good,False
997,acceptable,good,False
998,acceptable,good,False
999,acceptable,good,False
1000,acceptable,good,False
1001,acceptable,good,False
1002,acceptable,good,False
1003,acceptable,good,False
1004,acceptable,good,False
1005,acceptable,good,False
1006,acceptable,good,False
1007,acceptable,good,False
1008,acceptable,good,False
1009,acceptable,good,False
1010,acceptable,good,False
1011,acceptable,good,False
1012,acceptable,good,False
1013,acceptable,good,False
1014,acceptable,good,False
1015,acceptable,good,False
1016,acceptable,good,False
1017,acceptable,good,False
1018,acceptable,good,False
1019,acceptable,good,False
1020,acceptable,good,False
1021,acceptable,good,False
1022,acceptable,good,False
1023,acceptable,good,False
1024,acceptable,good,False
1025,acceptable,good,False
1026,acceptable,good,False
1027,acceptable,good,False
1028,acceptable,good,False
1029,acceptable,good,False
1030,acceptable,good,False
1031,acceptable,good,False
1032,acceptable,good,False
1033,acceptable,good,False
1034,acceptable,good,False
1035,acceptable,good,False
1036,acceptable,good,False
1037,acceptable,good,False
1038,acceptable,good,False
1039,acceptable,good,False
1040,acceptable,good,False
1041,acceptable,good,False
1042,acceptable,good,False
1043,acceptable,good,False
1044,acceptable,good,False
1045,acceptable,good,False
1046,acceptable,good,False
1047,acceptable,good,False
1048,acceptable,good,False
1049,acceptable,good,False
1050,acceptable,good,False
1051,acceptable,good,False
1052,acceptable,good,False
1053,acceptable,good,False
1054,acceptable,good,False
1055,acceptable,good,False
1056,acceptable,good,False
1057,acceptable,good,False
1058,acceptable,good,False
1059,acceptable,good,False
1060,acceptable,good,False
1061,acceptable,good,False
1062,acceptable,good,False
1063,acceptable,good,False
1064,acceptable,good,False
1065,acceptable,good,False
1066,acceptable,good,False
1067,acceptable,good,False
1068,acceptable,good,False
1069,acceptable,good,False
1070,acceptable,good,False
1071,acceptable,good,False
1072,acceptable,good,False
1073,acceptable,good,False
1074,acceptable,good,False
1075,acceptable,good,False
1076,acceptable,good,False
1077,acceptable,good,False
1078,acceptable,good,False
1079,acceptable,good,False
1080,acceptable,good,False
1081,acceptable,good,False
1082,acceptable,good,False
1083,acceptable,good,False
1084,acceptable,good,False
1085,acceptable,good,False
1086,acceptable,good,False
1087,acceptable,good,False
1088,acceptable,good,False
1089,acceptable,acceptable,True
1090,acceptable,good,False
1091,acceptable,acceptable,True
1092,acceptable,good,False
1093,acceptable,acceptable,True
1094,acceptable,good,False
1095,acceptable,acceptable,True
1096,acceptable,acceptable,True
1097,acceptable,good,False
1098,acceptable,good,False
1099,acceptable,acceptable,True
1100,acceptable,good,False
1101,acceptable,good,False
1102,acceptable,good,False
1103,acceptable,acceptable,True
1104,acceptable,acceptable,True
1105,acceptable,acceptable,True
1106,acceptable,acceptable,True
1107,acceptable,acceptable,True
1108,acceptable,acceptable,True
1109,acceptable,acceptable,True
1110,acceptable,acceptable,True
1111,acceptable,acceptable,True
1112,acceptable,acceptable,True
1113,acceptable,acceptable,True
1114,acceptable,acceptable,True
1115,acceptable,acceptable,True
1116,acceptable,acceptable,True
1117,acceptable,acceptable,True
1118,acceptable,acceptable,True
1119,acceptable,acceptable,True
1120,acceptable,acceptable,True
1121,acceptable,acceptable,True
1122,acceptable,acceptable,True
1123,acceptable,acceptable,True
1124,acceptable,acceptable,True
1125,acceptable,acceptable,True
1126,acceptable,acceptable,True
1127,acceptable,acceptable,True
1128,acceptable,acceptable,True
1129,acceptable,acceptable,True
1130,acceptable,acceptable,True
1131,acceptable,acceptable,True
1132,acceptable,acceptable,True
1133,acceptable,acceptable,True
1134,acceptable,acceptable,True
1135,acceptable,acceptable,True
1136,acceptable,acceptable,True
1137,acceptable,acceptable,True
1138,acceptable,acceptable,True
1139,acceptable,acceptable,True
1140,acceptable,acceptable,True
1141,acceptable,acceptable,True
1142,acceptable,acceptable,True
1143,acceptable,acceptable,True
1144,acceptable,acceptable,True
1145,acceptable,acceptable,True
1146,acceptable,acceptable,True
1147,acceptable,acceptable,True
1148,acceptable,acceptable,True
1149,acceptable,acceptable,True
1150,acceptable,acceptable,True
1151,acceptable,acceptable,True
1152,acceptable,acceptable,True
1153,acceptable,acceptable,True
1154,acceptable,acceptable,True
1155,acceptable,acceptable,True
1156,acceptable,acceptable,True
1157,acceptable,acceptable,True
1158,acceptable,acceptable,True
1159,acceptable,acceptable,True
1160,acceptable,acceptable,True
1161,acceptable,acceptable,True
1162,acceptable,acceptable,True
1163,acceptable,acceptable,True
1164,acceptable,acceptable,True
1165,acceptable,acceptable,True
1166,acceptable,acceptable,True
1167,acceptable,acceptable,True
1168,acceptable,acceptable,True
1169,acceptable,acceptable,True
1170,acceptable,acceptable,True
1171,acceptable,acceptable,True
1172,acceptable,acceptable,True
1173,acceptable,acceptable,True
1174,acceptable,acceptable,True
1175,acceptable,acceptable,True
1176,acceptable,acceptable,True
1177,acceptable,acceptable,True
1178,acceptable,acceptable,True
1179,acceptable,acceptable,True
1180,acceptable,acceptable,True
1181,acceptable,acceptable,True
1182,acceptable,acceptable,True
1183,acceptable,acceptable,True
1184,acceptable,acceptable,True
1185,acceptable,acceptable,True
1186,acceptable,acceptable,True
1187,acceptable,acceptable,True
1188,acceptable,acceptable,True
1189,acceptable,acceptable,True
1190,acceptable,acceptable,True
1191,acceptable,acceptable,True
1192,acceptable,acceptable,True
1193,acceptable,acceptable,True
1194,acceptable,acceptable,True
1195,acceptable,acceptable,True
1196,acceptable,acceptable,True
1197,acceptable,acceptable,True
1198,acceptable,acceptable,True
1199,acceptable,acceptable,True
1200,acceptable,acceptable,True
1201,acceptable,acceptable,True
1202,acceptable,acceptable,True
1203,acceptable,acceptable,True
1204,acceptable,acceptable,True
1205,acceptable,acceptable,True
1206,acceptable,acceptable,True
1207,acceptable,acceptable,True
1208,acceptable,acceptable,True
1209,acceptable,acceptable,True
1210,acceptable,acceptable,True
1211,acceptable,acceptable,True
1212,acceptable,acceptable,True
1213,acceptable,acceptable,True
1214,acceptable,acceptable,True
1215,acceptable,acceptable,True
1216,acceptable,acceptable,True
1217,acceptable,acceptable,True
1218,acceptable,acceptable,True
1219,acceptable,acceptable,True
1220,acceptable,acceptable,True
1221,acceptable,acceptable,True
1222,acceptable,acceptable,True
1223,acceptable,acceptable,True
1224,acceptable,acceptable,True
1225,acceptable,acceptable,True
1226,acceptable,acceptable,True
1227,acceptable,acceptable,True
1228,acceptable,acceptable,True
1229,acceptable,acceptable,True
1230,acceptable,acceptable,True
1231,acceptable,acceptable,True
1232,acceptable,acceptable,True
1233,acceptable,acceptable,True
1234,acceptable,acceptable,True
1235,acceptable,acceptable,True
1236,acceptable,acceptable,True
1237,acceptable,acceptable,True
1238,acceptable,acceptable,True
1239,acceptable,acceptable,True
1240,acceptable,acceptable,True
1241,acceptable,acceptable,True
1242,acceptable,acceptable,True
1243,acceptable,acceptable,True
1244,acceptable,acceptable,True
1245,acceptable,acceptable,True
1246,acceptable,acceptable,True
1247,acceptable,acceptable,True
1248,acceptable,acceptable,True
1249,acceptable,acceptable,True
1250,acceptable,acceptable,True
1251,acceptable,acceptable,True
1252,acceptable,acceptable,True
1253,acceptable,acceptable,True
1254,acceptable,acceptable,True
1255,acceptable,acceptable,True
1256,acceptable,acceptable,True
1257,acceptable,acceptable,True
1258,acceptable,acceptable,True
1259,acceptable,acceptable,True
1260,acceptable,acceptable,True
1261,acceptable,acceptable,True
1262,acceptable,acceptable,True
1263,acceptable,acceptable,True
1264,acceptable,acceptable,True
1265,acceptable,acceptable,True
1266,acceptable,acceptable,True
1267,acceptable,acceptable,True
1268,acceptable,acceptable,True
1269,acceptable,acceptable,True
1270,acceptable,acceptable,True
1271,acceptable,acceptable,True
1272,acceptable,acceptable,True
1273,acceptable,acceptable,True
1274,acceptable,acceptable,True
1275,acceptable,acceptable,True
1276,acceptable,acceptable,True
1277,acceptable,acceptable,True
1278,acceptable,acceptable,True
1279,acceptable,acceptable,True
1280,acceptable,acceptable,True
1281,acceptable,acceptable,True
1282,acceptable,acceptable,True
1283,acceptable,acceptable,True
1284,acceptable,acceptable,True
1285,acceptable,acceptable,True
1286,acceptable,acceptable,True
1287,acceptable,acceptable,True
1288,acceptable,acceptable,True
1289,acceptable,acceptable,True
1290,acceptable,acceptable,True
1291,acceptable,acceptable,True
1292,acceptable,acceptable,True
1293,acceptable,acceptable,True
1294,acceptable,acceptable,True
1295,acceptable,acceptable,True
1296,acceptable,acceptable,True
1297,acceptable,acceptable,True
1298,acceptable,acceptable,True
1299,acceptable,acceptable,True
1300,acceptable,acceptable,True
1301,acceptable,acceptable,True
1302,acceptable,acceptable,True
1303,acceptable,acceptable,True
1304,acceptable,acceptable,True
1305,acceptable,acceptable,True
1306,acceptable,acceptable,True
1307,acceptable,acceptable,True
1308,acceptable,acceptable,True
1309,acceptable,acceptable,True
1310,acceptable,acceptable,True
1311,acceptable,acceptable,True
1312,acceptable,acceptable,True
1313,acceptable,acceptable,True
1314,acceptable,acceptable,True
1315,acceptable,acceptable,True
1316,acceptable,acceptable,True
1317,acceptable,acceptable,True
1318,acceptable,acceptable,True
1319,acceptable,acceptable,True
1320,acceptable,acceptable,True
1321,spoiled,acceptable,False
1322,spoiled,acceptable,False
1323,spoiled,acceptable,False
1324,spoiled,acceptable,False
1325,spoiled,acceptable,False
1326,spoiled,acceptable,False
1327,spoiled,acceptable,False
1328,spoiled,acceptable,False
1329,spoiled,acceptable,False
1330,spoiled,acceptable,False
1331,spoiled,acceptable,False
1332,spoiled,acceptable,False
1333,spoiled,acceptable,False
1334,spoiled,acceptable,False
1335,spoiled,acceptable,False
1336,spoiled,acceptable,False
1337,spoiled,acceptable,False
1338,spoiled,acceptable,False
1339,spoiled,acceptable,False
1340,spoiled,acceptable,False
1341,spoiled,acceptable,False
1342,spoiled,acceptable,False
1343,spoiled,acceptable,False
1344,spoiled,acceptable,False
1345,spoiled,acceptable,False
1346,spoiled,acceptable,False
1347,spoiled,acceptable,False
1348,spoiled,acceptable,False
1349,spoiled,acceptable,False
1350,spoiled,acceptable,False
1351,spoiled,acceptable,False
1352,spoiled,acceptable,False
1353,spoiled,acceptable,False
1354,spoiled,acceptable,False
1355,spoiled,acceptable,False
1356,spoiled,acceptable,False
1357,spoiled,acceptable,False
1358,spoiled,acceptable,False
1359,spoiled,acceptable,False
1360,spoiled,acceptable,False
1361,spoiled,acceptable,False
1362,spoiled,acceptable,False
1363,spoiled,acceptable,False
1364,spoiled,acceptable,False
1365,spoiled,acceptable,False
1366,spoiled,acceptable,False
1367,spoiled,acceptable,False
1368,spoiled,acceptable,False
1369,spoiled,acceptable,False
1370,spoiled,acceptable,False
1371,spoiled,acceptable,False
1372,spoiled,acceptable,False
1373,spoiled,acceptable,False
1374,spoiled,acceptable,False
1375,spoiled,acceptable,False
1376,spoiled,acceptable,False
1377,spoiled,acceptable,False
1378,spoiled,acceptable,False
1379,spoiled,acceptable,False
1380,spoiled,acceptable,False
1381,spoiled,acceptable,False
1382,spoiled,acceptable,False
1383,spoiled,acceptable,False
1384,spoiled,acceptable,False
1385,spoiled,acceptable,False
1386,spoiled,acceptable,False
1387,spoiled,acceptable,False
1388,spoiled,acceptable,False
1389,spoiled,acceptable,False
1390,spoiled,acceptable,False
1391,spoiled,acceptable,False
1392,spoiled,acceptable,False
1393,spoiled,acceptable,False
1394,spoiled,acceptable,False
1395,spoiled,acceptable,False
1396,spoiled,acceptable,False
1397,spoiled,acceptable,False
1398,spoiled,acceptable,False
1399,spoiled,acceptable,False
1400,spoiled,acceptable,False
1401,spoiled,acceptable,False
1402,spoiled,acceptable,False
1403,spoiled,acceptable,False
1404,spoiled,acceptable,False
1405,spoiled,acceptable,False
1406,spoiled,acceptable,False
1407,spoiled,acceptable,False
1408,spoiled,acceptable,False
1409,spoiled,acceptable,False
1410,spoiled,acceptable,False
1411,spoiled,acceptable,False
1412,spoiled,acceptable,False
1413,spoiled,acceptable,False
1414,spoiled,acceptable,False
1415,spoiled,acceptable,False
1416,spoiled,acceptable,False
1417,spoiled,acceptable,False
1418,spoiled,acceptable,False
1419,spoiled,acceptable,False
1420,spoiled,acceptable,False
1421,spoiled,acceptable,False
1422,spoiled,acceptable,False
1423,spoiled,acceptable,False
1424,spoiled,acceptable,False
1425,spoiled,acceptable,False
1426,spoiled,acceptable,False
1427,spoiled,acceptable,False
1428,spoiled,acceptable,False
1429,spoiled,acceptable,False
1430,spoiled,acceptable,False
1431,spoiled,acceptable,False
1432,spoiled,acceptable,False
1433,spoiled,acceptable,False
1434,spoiled,acceptable,False
1435,spoiled,acceptable,False
1436,spoiled,acceptable,False
1437,spoiled,acceptable,False
1438,spoiled,acceptable,False
1439,spoiled,acceptable,False
1440,spoiled,acceptable,False
1441,spoiled,acceptable,False
1442,spoiled,acceptable,False
1443,spoiled,acceptable,False
1444,spoiled,acceptable,False
1445,spoiled,acceptable,False
1446,spoiled,acceptable,False
1447,spoiled,acceptable,False
1448,spoiled,acceptable,False
1449,spoiled,acceptable,False
1450,spoiled,acceptable,False
1451,spoiled,acceptable,False
1452,spoiled,acceptable,False
1453,spoiled,acceptable,False
1454,spoiled,acceptable,False
1455,spoiled,acceptable,False
1456,spoiled,acceptable,False
1457,spoiled,acceptable,False
1458,spoiled,acceptable,False
1459,spoiled,acceptable,False
1460,spoiled,acceptable,False
1461,spoiled,acceptable,False
1462,spoiled,acceptable,False
1463,spoiled,acceptable,False
1464,spoiled,acceptable,False
1465,spoiled,acceptable,False
1466,spoiled,acceptable,False
1467,spoiled,acceptable,False
1468,spoiled,acceptable,False
1469,spoiled,acceptable,False
1470,spoiled,acceptable,False
1471,spoiled,acceptable,False
1472,spoiled,acceptable,False
1473,spoiled,acceptable,False
1474,spoiled,acceptable,False
1475,spoiled,acceptable,False
1476,spoiled,acceptable,False
1477,spoiled,acceptable,False
1478,spoiled,acceptable,False
1479,spoiled,acceptable,False
1480,spoiled,acceptable,False
1481,spoiled,acceptable,False
1482,spoiled,acceptable,False
1483,spoiled,acceptable,False
1484,spoiled,acceptable,False
1485,spoiled,acceptable,False
1486,spoiled,acceptable,False
1487,spoiled,acceptable,False
1488,spoiled,acceptable,False
1489,spoiled,acceptable,False
1490,spoiled,acceptable,False
1491,spoiled,acceptable,False
1492,spoiled,acceptable,False
1493,spoiled,acceptable,False
1494,spoiled,acceptable,False
1495,spoiled,acceptable,False
1496,spoiled,acceptable,False
1497,spoiled,acceptable,False
1498,spoiled,acceptable,False
1499,spoiled,acceptable,False
1500,spoiled,acceptable,False
1501,spoiled,acceptable,False
1502,spoiled,acceptable,False
1503,spoiled,acceptable,False
1504,spoiled,acceptable,False
1505,spoiled,acceptable,False
1506,spoiled,acceptable,False
1507,spoiled,acceptable,False
1508,spoiled,acceptable,False
1509,spoiled,acceptable,False
1510,spoiled,acceptable,False
1511,spoiled,acceptable,False
1512,spoiled,good,False
1513,spoiled,acceptable,False
1514,spoiled,good,False
1515,spoiled,good,False
1516,spoiled,acceptable,False
1517,spoiled,good,False
1518,spoiled,good,False
1519,spoiled,good,False
1520,spoiled,good,False
1521,spoiled,good,False
1522,spoiled,good,False
1523,spoiled,good,False
1524,spoiled,good,False
1525,spoiled,good,False
1526,spoiled,good,False
1527,spoiled,good,False
1528,spoiled,good,False
1529,spoiled,good,False
1530,spoiled,good,False
1531,spoiled,good,False
1532,spoiled,good,False
1533,spoiled,good,False
1534,spoiled,good,False
1535,spoiled,good,False
1536,spoiled,good,False
1537,spoiled,good,False
1538,spoiled,good,False
1539,spoiled,good,False
1540,spoiled,good,False
1541,spoiled,good,False
1542,spoiled,good,False
1543,spoiled,good,False
1544,spoiled,good,False
1545,spoiled,good,False
1546,spoiled,good,False
1547,spoiled,good,False
1548,spoiled,good,False
1549,spoiled,good,False
1550,spoiled,good,False
1551,spoiled,good,False
1552,spoiled,good,False
1553,spoiled,good,False
1554,spoiled,good,False
1555,spoiled,good,False
1556,spoiled,good,False
1557,spoiled,good,False
1558,spoiled,good,False
1559,spoiled,good,False
1560,spoiled,good,False
1561,spoiled,good,False
1562,spoiled,good,False
1563,spoiled,good,False
1564,spoiled,good,False
1565,spoiled,good,False
1566,spoiled,good,False
1567,spoiled,good,False
1568,spoiled,good,False
1569,spoiled,good,False
1570,spoiled,good,False
1571,spoiled,good,False
1572,spoiled,good,False
1573,spoiled,good,False
1574,spoiled,good,False
1575,spoiled,good,False
1576,spoiled,good,False
1577,spoiled,good,False
1578,spoiled,good,False
1579,spoiled,good,False
1580,spoiled,good,False
1581,spoiled,good,False
1582,spoiled,good,False
1583,spoiled,good,False
1584,spoiled,good,False
1585,spoiled,good,False
1586,spoiled,good,False
1587,spoiled,good,False
1588,spoiled,good,False
1589,spoiled,good,False
1590,spoiled,good,False
1591,spoiled,good,False
1592,spoiled,good,False
1593,spoiled,good,False
1594,spoiled,good,False
1595,spoiled,good,False
1596,spoiled,good,False
1597,spoiled,good,False
1598,spoiled,good,False
1599,spoiled,good,False
1600,spoiled,good,False
1601,spoiled,good,False
1602,spoiled,good,False
1603,spoiled,good,False
1604,spoiled,good,False
1605,spoiled,good,False
1606,spoiled,good,False
1607,spoiled,good,False
1608,spoiled,good,False
1609,spoiled,good,False
1610,spoiled,good,False
1611,spoiled,good,False
1612,spoiled,good,False
1613,spoiled,good,False
1614,spoiled,good,False
1615,spoiled,good,False
1616,spoiled,good,False
1617,spoiled,good,False
1618,spoiled,good,False
1619,spoiled,good,False
1620,spoiled,acceptable,False
1621,spoiled,good,False
1622,spoiled,good,False
1623,spoiled,good,False
1624,spoiled,good,False
1625,spoiled,spoiled,True
1626,spoiled,spoiled,True
1627,spoiled,spoiled,True
1628,spoiled,spoiled,True
1629,spoiled,spoiled,True
1630,spoiled,spoiled,True
1631,spoiled,spoiled,True
1632,spoiled,spoiled,True
1633,spoiled,spoiled,True
1634,spoiled,spoiled,True
1635,spoiled,spoiled,True
1636,spoiled,spoiled,True
1637,spoiled,spoiled,True
1638,spoiled,spoiled,True
1639,spoiled,spoiled,True
1640,spoiled,spoiled,True
1641,spoiled,spoiled,True
1642,spoiled,spoiled,True
1643,spoiled,spoiled,True
1644,spoiled,spoiled,True
1645,spoiled,spoiled,True
1646,spoiled,spoiled,True
1647,spoiled,spoiled,True
1648,spoiled,spoiled,True
1649,spoiled,spoiled,True
1650,spoiled,spoiled,True
1651,spoiled,spoiled,True
1652,spoiled,spoiled,True
1653,spoiled,spoiled,True
1654,spoiled,spoiled,True
1655,spoiled,spoiled,True
1656,spoiled,spoiled,True
1657,spoiled,spoiled,True
1658,spoiled,spoiled,True
1659,spoiled,spoiled,True
1660,spoiled,spoiled,True
1661,spoiled,spoiled,True
1662,spoiled,spoiled,True
1663,spoiled,spoiled,True
1664,spoiled,spoiled,True
1665,spoiled,spoiled,True
1666,spoiled,spoiled,True
1667,spoiled,spoiled,True
1668,spoiled,spoiled,True
1669,spoiled,spoiled,True
1670,spoiled,spoiled,True
1671,spoiled,spoiled,True
1672,spoiled,spoiled,True
1673,spoiled,spoiled,True
1674,spoiled,spoiled,True
1675,spoiled,spoiled,True
1676,spoiled,spoiled,True
1677,spoiled,spoiled,True
1678,spoiled,spoiled,True
1679,spoiled,spoiled,True
1680,spoiled,spoiled,True
1681,spoiled,spoiled,True
1682,spoiled,spoiled,True
1683,spoiled,spoiled,True
1684,spoiled,spoiled,True
1685,spoiled,spoiled,True
1686,spoiled,spoiled,True
1687,spoiled,spoiled,True
1688,spoiled,spoiled,True
1689,spoiled,spoiled,True
1690,spoiled,spoiled,True
1691,spoiled,spoiled,True
1692,spoiled,spoiled,True
1693,spoiled,spoiled,True
1694,spoiled,spoiled,True
1695,spoiled,spoiled,True
1696,spoiled,spoiled,True
1697,spoiled,spoiled,True
1698,spoiled,spoiled,True
1699,spoiled,spoiled,True
1700,spoiled,spoiled,True
1701,spoiled,spoiled,True
1702,spoiled,spoiled,True
1703,spoiled,spoiled,True
1704,spoiled,spoiled,True
1705,spoiled,spoiled,True
1706,spoiled,spoiled,True
1707,spoiled,spoiled,True
1708,spoiled,spoiled,True
1709,spoiled,spoiled,True
1710,spoiled,spoiled,True
1711,spoiled,spoiled,True
1712,spoiled,spoiled,True
1713,spoiled,spoiled,True
1714,spoiled,spoiled,True
1715,spoiled,spoiled,True
1716,spoiled,spoiled,True
1717,spoiled,spoiled,True
1718,spoiled,spoiled,True
1719,spoiled,spoiled,True
1720,spoiled,spoiled,True
1721,spoiled,spoiled,True
1722,spoiled,spoiled,True
1723,spoiled,spoiled,True
1724,spoiled,spoiled,True
1725,spoiled,spoiled,True
1726,spoiled,spoiled,True
1727,spoiled,spoiled,True
1728,spoiled,spoiled,True
1729,spoiled,spoiled,True
1730,spoiled,spoiled,True
1731,spoiled,spoiled,True
1732,spoiled,spoiled,True
1733,spoiled,spoiled,True
1734,spoiled,spoiled,True
1735,spoiled,spoiled,True
1736,spoiled,spoiled,True
1737,spoiled,spoiled,True
1738,spoiled,spoiled,True
1739,spoiled,spoiled,True
1740,spoiled,spoiled,True
1741,spoiled,spoiled,True
1742,spoiled,spoiled,True
1743,spoiled,spoiled,True
1744,spoiled,spoiled,True
1745,spoiled,spoiled,True
1746,spoiled,spoiled,True
1747,spoiled,spoiled,True
1748,spoiled,spoiled,True
1749,spoiled,spoiled,True
1750,spoiled,spoiled,True
1751,spoiled,spoiled,True
1752,spoiled,spoiled,True
1753,spoiled,spoiled,True
1754,spoiled,spoiled,True
1755,spoiled,spoiled,True
1756,spoiled,spoiled,True
1757,spoiled,spoiled,True
1758,spoiled,spoiled,True
1759,spoiled,spoiled,True
1760,spoiled,spoiled,True
1761,spoiled,spoiled,True
1762,spoiled,spoiled,True
1763,spoiled,spoiled,True
1764,spoiled,spoiled,True
1765,spoiled,spoiled,True
1766,spoiled,spoiled,True
1767,spoiled,spoiled,True
1768,spoiled,spoiled,True
1769,spoiled,spoiled,True
1770,spoiled,spoiled,True
1771,spoiled,spoiled,True
1772,spoiled,spoiled,True
1773,spoiled,spoiled,True
1774,spoiled,spoiled,True
1775,spoiled,spoiled,True
1776,spoiled,spoiled,True
1777,spoiled,spoiled,True
1778,spoiled,spoiled,True
1779,spoiled,spoiled,True
1780,spoiled,spoiled,True
1781,spoiled,spoiled,True
1782,spoiled,spoiled,True
1783,spoiled,spoiled,True
1784,spoiled,spoiled,True
1785,spoiled,spoiled,True
1786,spoiled,spoiled,True
1787,spoiled,spoiled,True
1788,spoiled,spoiled,True
1789,spoiled,spoiled,True
1790,spoiled,spoiled,True
1791,spoiled,spoiled,True
1792,spoiled,spoiled,True
1793,spoiled,spoiled,True
1794,spoiled,spoiled,True
1795,spoiled,spoiled,True
1796,spoiled,spoiled,True
1797,spoiled,spoiled,True
1798,spoiled,spoiled,True
1799,spoiled,spoiled,True
1800,spoiled,spoiled,True
1801,spoiled,spoiled,True
1802,spoiled,spoiled,True
1803,spoiled,spoiled,True
1804,spoiled,spoiled,True
1805,spoiled,spoiled,True
1806,spoiled,spoiled,True
1807,spoiled,spoiled,True
1808,spoiled,spoiled,True
1809,spoiled,spoiled,True
1810,spoiled,spoiled,True
1811,spoiled,spoiled,True
1812,spoiled,spoiled,True
1813,spoiled,spoiled,True
1814,spoiled,spoiled,True
1815,spoiled,spoiled,True
1816,spoiled,spoiled,True
1817,spoiled,spoiled,True
1818,spoiled,spoiled,True
1819,spoiled,spoiled,True
1820,spoiled,spoiled,True
1821,spoiled,spoiled,True
1822,spoiled,spoiled,True
1823,spoiled,spoiled,True
1824,spoiled,spoiled,True
1825,spoiled,spoiled,True
1826,spoiled,spoiled,True
1827,spoiled,spoiled,True
1828,spoiled,spoiled,True
1829,spoiled,spoiled,True
1830,spoiled,spoiled,True
1831,spoiled,spoiled,True
1832,spoiled,spoiled,True
1833,spoiled,spoiled,True
1834,spoiled,spoiled,True
1835,spoiled,spoiled,True
1836,spoiled,spoiled,True
1837,spoiled,spoiled,True
1838,spoiled,spoiled,True
1839,spoiled,spoiled,True
1840,spoiled,spoiled,True
1841,spoiled,spoiled,True
1842,spoiled,spoiled,True
1843,spoiled,spoiled,True
1844,spoiled,spoiled,True
1845,spoiled,spoiled,True
1846,spoiled,spoiled,True
1847,spoiled,spoiled,True
1848,spoiled,spoiled,True
1849,spoiled,spoiled,True
1850,spoiled,spoiled,True
1851,spoiled,spoiled,True
1852,spoiled,spoiled,True
1853,spoiled,spoiled,True
1854,spoiled,spoiled,True
1855,spoiled,spoiled,True
1856,spoiled,spoiled,True
1857,spoiled,spoiled,True
1858,spoiled,spoiled,True
1859,spoiled,spoiled,True
1860,spoiled,spoiled,True
1861,spoiled,spoiled,True
1862,spoiled,spoiled,True
1863,spoiled,spoiled,True
1864,spoiled,spoiled,True
1865,spoiled,spoiled,True
1866,spoiled,spoiled,True
1867,spoiled,spoiled,True
1868,spoiled,spoiled,True
1869,spoiled,spoiled,True
1870,spoiled,spoiled,True
1871,spoiled,spoiled,True
1872,spoiled,spoiled,True
1873,spoiled,spoiled,True
1874,spoiled,spoiled,True
1875,spoiled,spoiled,True
1876,spoiled,spoiled,True
1877,spoiled,spoiled,True
1878,spoiled,spoiled,True
1879,spoiled,spoiled,True
1880,spoiled,spoiled,True
1881,spoiled,spoiled,True
1882,spoiled,spoiled,True
1883,spoiled,spoiled,True
1884,spoiled,spoiled,True
1885,spoiled,spoiled,True
1886,spoiled,spoiled,True
1887,spoiled,spoiled,True
1888,spoiled,spoiled,True
1889,spoiled,spoiled,True
1890,spoiled,spoiled,True
1891,spoiled,spoiled,True
1892,spoiled,spoiled,True
1893,spoiled,spoiled,True
1894,spoiled,spoiled,True
1895,spoiled,spoiled,True
1896,spoiled,spoiled,True
1897,spoiled,spoiled,True
1898,spoiled,spoiled,True
1899,spoiled,spoiled,True
1900,spoiled,spoiled,True
1901,spoiled,spoiled,True
1902,spoiled,spoiled,True
1903,spoiled,spoiled,True
1904,spoiled,spoiled,True
1905,spoiled,spoiled,True
1906,spoiled,spoiled,True
1907,spoiled,spoiled,True
1908,spoiled,spoiled,True
1909,spoiled,spoiled,True
1910,spoiled,spoiled,True
1911,spoiled,spoiled,True
1912,spoiled,spoiled,True
1913,spoiled,spoiled,True
1914,spoiled,spoiled,True
1915,spoiled,spoiled,True
1916,spoiled,spoiled,True
1917,spoiled,spoiled,True
1918,spoiled,spoiled,True
1919,spoiled,spoiled,True
1920,spoiled,spoiled,True
1921,spoiled,spoiled,True
1922,spoiled,spoiled,True
1923,spoiled,spoiled,True
1924,spoiled,spoiled,True
1925,spoiled,spoiled,True
1926,spoiled,spoiled,True
1927,spoiled,spoiled,True
1928,spoiled,spoiled,True
1929,spoiled,spoiled,True
1930,spoiled,spoiled,True
1931,spoiled,spoiled,True
1932,spoiled,spoiled,True
1933,spoiled,spoiled,True
1934,spoiled,spoiled,True
1935,spoiled,spoiled,True
1936,spoiled,spoiled,True
1937,spoiled,spoiled,True
1938,spoiled,spoiled,True
1939,spoiled,spoiled,True
1940,spoiled,spoiled,True
1941,spoiled,spoiled,True
1942,spoiled,spoiled,True
1943,spoiled,spoiled,True
1944,spoiled,spoiled,True
1945,spoiled,spoiled,True
1946,spoiled,spoiled,True
1947,spoiled,spoiled,True
1948,spoiled,spoiled,True
1949,spoiled,spoiled,True
1950,spoiled,spoiled,True
1951,spoiled,spoiled,True
1952,spoiled,spoiled,True
1953,spoiled,spoiled,True
1954,spoiled,spoiled,True
1955,spoiled,spoiled,True
1956,spoiled,spoiled,True
1957,spoiled,spoiled,True
1958,spoiled,spoiled,True
1959,spoiled,spoiled,True
1960,spoiled,spoiled,True
1961,spoiled,spoiled,True
1962,spoiled,spoiled,True
1963,spoiled,spoiled,True
1964,spoiled,spoiled,True
1965,spoiled,spoiled,True
1966,spoiled,spoiled,True
1967,spoiled,spoiled,True
1968,spoiled,spoiled,True
1969,spoiled,spoiled,True
1970,spoiled,spoiled,True
1971,spoiled,spoiled,True
1972,spoiled,spoiled,True
1973,spoiled,spoiled,True
1974,spoiled,spoiled,True
1975,spoiled,spoiled,True
1976,spoiled,spoiled,True
1977,spoiled,spoiled,True
1978,spoiled,spoiled,True
1979,spoiled,spoiled,True
1980,spoiled,spoiled,True
1981,spoiled,spoiled,True
1982,spoiled,spoiled,True
1983,spoiled,spoiled,True
1984,spoiled,spoiled,True
1985,spoiled,spoiled,True
1986,spoiled,spoiled,True
1987,spoiled,spoiled,True
1988,spoiled,spoiled,True
1989,spoiled,spoiled,True
1990,spoiled,spoiled,True
1991,spoiled,spoiled,True
1992,spoiled,spoiled,True
1993,spoiled,spoiled,True
1994,spoiled,spoiled,True
1995,spoiled,spoiled,True
1996,spoiled,spoiled,True
1997,spoiled,spoiled,True
1998,spoiled,spoiled,True
1999,spoiled,spoiled,True
2000,spoiled,spoiled,True
2001,spoiled,spoiled,True
2002,spoiled,spoiled,True
2003,spoiled,spoiled,True
2004,spoiled,spoiled,True
2005,spoiled,spoiled,True
2006,spoiled,spoiled,True
2007,spoiled,spoiled,True
2008,spoiled,spoiled,True
2009,spoiled,spoiled,True
2010,spoiled,spoiled,True
2011,spoiled,spoiled,True
2012,spoiled,spoiled,True
2013,spoiled,spoiled,True
2014,spoiled,spoiled,True
2015,spoiled,spoiled,True
2016,spoiled,spoiled,True
2017,spoiled,spoiled,True
2018,spoiled,spoiled,True
2019,spoiled,spoiled,True
2020,spoiled,spoiled,True
2021,spoiled,spoiled,True
2022,spoiled,spoiled,True
2023,spoiled,spoiled,True
2024,spoiled,spoiled,True
2025,spoiled,spoiled,True
2026,spoiled,spoiled,True
2027,spoiled,spoiled,True
2028,spoiled,spoiled,True
2029,spoiled,spoiled,True
2030,spoiled,spoiled,True
2031,spoiled,spoiled,True
2032,spoiled,spoiled,True
2033,spoiled,spoiled,True
2034,spoiled,spoiled,True
2035,spoiled,spoiled,True
2036,spoiled,spoiled,True
2037,spoiled,spoiled,True
2038,spoiled,spoiled,True
2039,spoiled,spoiled,True
2040,spoiled,spoiled,True
2041,spoiled,spoiled,True
2042,spoiled,spoiled,True
2043,spoiled,spoiled,True
2044,spoiled,spoiled,True
2045,spoiled,spoiled,True
2046,spoiled,spoiled,True
2047,spoiled,spoiled,True
2048,spoiled,spoiled,True
2049,spoiled,spoiled,True
2050,spoiled,spoiled,True
2051,spoiled,spoiled,True
2052,spoiled,spoiled,True
2053,spoiled,spoiled,True
2054,spoiled,spoiled,True
2055,spoiled,spoiled,True
2056,spoiled,spoiled,True
2057,spoiled,spoiled,True
2058,spoiled,spoiled,True
2059,spoiled,spoiled,True
2060,spoiled,spoiled,True
2061,spoiled,spoiled,True
2062,spoiled,spoiled,True
2063,spoiled,spoiled,True
2064,spoiled,spoiled,True
2065,spoiled,spoiled,True
2066,spoiled,spoiled,True
2067,spoiled,spoiled,True
2068,spoiled,spoiled,True
2069,spoiled,spoiled,True
2070,spoiled,spoiled,True
2071,spoiled,spoiled,True
2072,spoiled,spoiled,True
2073,spoiled,spoiled,True
2074,spoiled,spoiled,True
2075,spoiled,spoiled,True
2076,spoiled,spoiled,True
2077,spoiled,spoiled,True
2078,spoiled,spoiled,True
2079,spoiled,spoiled,True
2080,spoiled,spoiled,True
2081,spoiled,spoiled,True
2082,spoiled,spoiled,True
2083,spoiled,spoiled,True
2084,spoiled,spoiled,True
2085,spoiled,spoiled,True
2086,spoiled,spoiled,True
2087,spoiled,spoiled,True
2088,spoiled,spoiled,True
2089,spoiled,spoiled,True
2090,spoiled,spoiled,True
2091,spoiled,spoiled,True
2092,spoiled,spoiled,True
2093,spoiled,spoiled,True
2094,spoiled,spoiled,True
2095,spoiled,spoiled,True
2096,spoiled,spoiled,True
2097,spoiled,spoiled,True
2098,spoiled,spoiled,True
2099,spoiled,spoiled,True
2100,spoiled,spoiled,True
2101,spoiled,spoiled,True
2102,spoiled,spoiled,True
2103,spoiled,spoiled,True
2104,spoiled,spoiled,True
2105,spoiled,spoiled,True
2106,spoiled,spoiled,True
2107,spoiled,spoiled,True
2108,spoiled,spoiled,True
2109,spoiled,spoiled,True
2110,spoiled,spoiled,True
2111,spoiled,spoiled,True
2112,spoiled,spoiled,True
2113,spoiled,spoiled,True
2114,spoiled,spoiled,True
2115,spoiled,spoiled,True
2116,spoiled,spoiled,True
2117,spoiled,spoiled,True
2118,spoiled,spoiled,True
2119,spoiled,spoiled,True
2120,spoiled,spoiled,True
2121,spoiled,spoiled,True
2122,spoiled,spoiled,True
2123,spoiled,spoiled,True
2124,spoiled,spoiled,True
2125,spoiled,spoiled,True
2126,spoiled,spoiled,True
2127,spoiled,spoiled,True
2128,spoiled,spoiled,True
2129,spoiled,spoiled,True
2130,spoiled,spoiled,True
2131,spoiled,spoiled,True
2132,spoiled,spoiled,True
2133,spoiled,spoiled,True
2134,spoiled,spoiled,True
2135,spoiled,spoiled,True
2136,spoiled,spoiled,True
2137,spoiled,spoiled,True
2138,spoiled,spoiled,True
2139,spoiled,spoiled,True
2140,spoiled,spoiled,True
2141,spoiled,spoiled,True
2142,spoiled,spoiled,True
2143,spoiled,spoiled,True
2144,spoiled,spoiled,True
2145,spoiled,spoiled,True
2146,spoiled,spoiled,True
2147,spoiled,spoiled,True
2148,spoiled,spoiled,True
2149,spoiled,spoiled,True
2150,spoiled,spoiled,True
2151,spoiled,spoiled,True
2152,spoiled,spoiled,True
2153,spoiled,spoiled,True
2154,spoiled,spoiled,True
2155,spoiled,spoiled,True
2156,spoiled,spoiled,True
2157,spoiled,spoiled,True
2158,spoiled,spoiled,True
2159,spoiled,spoiled,True
2160,spoiled,spoiled,True
